term,mean_tfidf
students,0.033965316761742206
course,0.03372002976103684
social,0.015916647148349408
chinese,0.015365186297522435
world,0.014245348093747088
political,0.014235833897724096
global,0.01371883445810669
student,0.0134198351214374
science,0.01322257490862028
china,0.013170218373587126
university,0.013063288229310886
courses,0.012991017772659014
duke,0.01251267608099765
academic,0.012357759523126729
credit,0.012215401658174162
topics,0.011608182673361016
history,0.011178894988823431
research,0.010937009494671478
polsci,0.01065434266931529
introduction,0.010449675476218763
