section,cluster_name,count
A 21st Century Curriculum,University Policy and Transfer Credit,1
A Liberal Arts College Experience,University Policy and Transfer Credit,1
Academic Advising,University Policy and Transfer Credit,1
Academic Integrity,"Credits, Load, and Grading",1
Academic Integrity,University Policy and Transfer Credit,1
Academic Recognition and Honors,"Credits, Load, and Grading",3
Academic Recognition and Honors,University Policy and Transfer Credit,1
Academic Resource Center,"Credits, Load, and Grading",3
Academic Resource Center,Media and Arts,1
"Academic Warning, Probation, and Suspension for Students in the Class of 2025 and Beyond","Credits, Load, and Grading",4
"Academic Warning, Probation, and Suspension for Students in the Class of 2025 and Beyond",University Policy and Transfer Credit,1
"Academic Warning, Probation, and Suspension for Students in the Classes of 2022-2024","Credits, Load, and Grading",3
"Academic Warning, Probation, and Suspension for Students in the Classes of 2022-2024",University Policy and Transfer Credit,1
Accommodations,"Credits, Load, and Grading",1
Animating Principles,"Environment, Health, and Policy",2
Animating Principles,Media and Arts,3
Animating Principles,Politics and Global Affairs,1
Animating Principles,University Policy and Transfer Credit,1
Application Requirements,"China, History, and Culture",1
Application Requirements,"Credits, Load, and Grading",4
Application Requirements,University Policy and Transfer Credit,2
Application Timelines,"Credits, Load, and Grading",1
Application Timelines,University Policy and Transfer Credit,1
Arts and Culture,University Policy and Transfer Credit,1
Athletics & University Sports,Language and Communication,1
Blue Oasis Student Center,Media and Arts,2
Campus Engagement,Media and Arts,1
Campus Health Clinic,"Credits, Load, and Grading",1
Campus Programs,University Policy and Transfer Credit,2
Career Services,"Credits, Load, and Grading",1
Career Services,Language and Communication,1
Career Services,Media and Arts,5
Career Services,University Policy and Transfer Credit,1
Changes in Status,"Credits, Load, and Grading",3
Changes in Status,University Policy and Transfer Credit,3
Chinese Student Services and Student Mobility,University Policy and Transfer Credit,1
Class Attendance and Missed Work,"Credits, Load, and Grading",1
Class Scheduling,"Credits, Load, and Grading",1
Compliance with Academic Regulations,University Policy and Transfer Credit,1
Counseling and Psychological Services (CAPS),University Policy and Transfer Credit,2
Course Audit,University Policy and Transfer Credit,1
Course Descriptions,"China, History, and Culture",66
Course Descriptions,"Credits, Load, and Grading",31
Course Descriptions,"Environment, Health, and Policy",84
Course Descriptions,Language and Communication,76
Course Descriptions,Media and Arts,98
Course Descriptions,Natural Science and Computation,136
Course Descriptions,Politics and Global Affairs,136
Course Descriptions,University Policy and Transfer Credit,3
Course Repeat,University Policy and Transfer Credit,1
Declaration of Major,University Policy and Transfer Credit,1
Degree Requirements,"Credits, Load, and Grading",14
Degree Requirements,Language and Communication,1
Degree Requirements,Media and Arts,4
Degree Requirements,University Policy and Transfer Credit,4
Dual Degrees,University Policy and Transfer Credit,1
Duke Kunshan University Community Standard,University Policy and Transfer Credit,1
Education Records,University Policy and Transfer Credit,2
Eligibility for Courses,"Credits, Load, and Grading",1
Entrance Credit and Placement,Language and Communication,1
Entrance Credit and Placement,University Policy and Transfer Credit,6
Estimated Expenses,"China, History, and Culture",1
Estimated Expenses,"Credits, Load, and Grading",15
Estimated Expenses,"Environment, Health, and Policy",1
Estimated Expenses,University Policy and Transfer Credit,1
Exclusion of Disruptive Students from a Course,"Credits, Load, and Grading",1
Final Examinations,"Credits, Load, and Grading",1
Grade Review Procedure,"Credits, Load, and Grading",2
Grade Review Procedure,University Policy and Transfer Credit,1
Grading and Grade Requirements,"Credits, Load, and Grading",6
Grading and Grade Requirements,Natural Science and Computation,1
Grading and Grade Requirements,University Policy and Transfer Credit,3
Graduation and Commencement,"Credits, Load, and Grading",1
Host Family Program,University Policy and Transfer Credit,1
How to Apply,University Policy and Transfer Credit,1
Incomplete Coursework and Excused Absence from Final Exam,"Credits, Load, and Grading",3
Independent Studies,"Credits, Load, and Grading",1
International Student Services,University Policy and Transfer Credit,1
Key Components,"Credits, Load, and Grading",5
Key Components,Language and Communication,1
Key Components,Media and Arts,4
Key Components,Natural Science and Computation,1
Key Components,University Policy and Transfer Credit,3
Leadership Development,Media and Arts,1
Majors (listed in alphabetical order),"China, History, and Culture",59
Majors (listed in alphabetical order),"Credits, Load, and Grading",12
Majors (listed in alphabetical order),"Environment, Health, and Policy",76
Majors (listed in alphabetical order),Media and Arts,17
Majors (listed in alphabetical order),Natural Science and Computation,71
Majors (listed in alphabetical order),Politics and Global Affairs,65
Mission Statement,University Policy and Transfer Credit,1
Notification and Responses,"Credits, Load, and Grading",1
Notification of Intention to Graduate,University Policy and Transfer Credit,1
Office of Global Education and Study Away,"Credits, Load, and Grading",3
Office of Global Education and Study Away,University Policy and Transfer Credit,6
Overview,Language and Communication,1
Overview,Media and Arts,2
Overview,University Policy and Transfer Credit,1
Part 11: Academic Calendar 2021-22,"Credits, Load, and Grading",7
Part 11: Academic Calendar 2021-22,Natural Science and Computation,1
Part 12: Useful Contacts,University Policy and Transfer Credit,1
Part 1: General Information,"Environment, Health, and Policy",1
Part 1: General Information,Media and Arts,1
Part 1: General Information,University Policy and Transfer Credit,1
Part 7: Academic Advising and Support,Media and Arts,1
Partners,"China, History, and Culture",1
Partners,Media and Arts,1
Partners,University Policy and Transfer Credit,5
Principles of Selection,University Policy and Transfer Credit,1
Procedure for Resolution of Students' Academic Concerns,"Credits, Load, and Grading",1
Procedure for Resolution of Students' Academic Concerns,University Policy and Transfer Credit,1
Progress toward Degree,"Credits, Load, and Grading",7
Progress toward Degree,University Policy and Transfer Credit,1
Refund,"Credits, Load, and Grading",3
Registration,"Credits, Load, and Grading",4
Registration,University Policy and Transfer Credit,1
Religious Holidays,University Policy and Transfer Credit,1
Requirements for All Majors,"China, History, and Culture",1
Requirements for All Majors,"Credits, Load, and Grading",4
Requirements for All Majors,Language and Communication,1
Requirements for All Majors,Media and Arts,1
Requirements for All Majors,Natural Science and Computation,1
Residence Life,"Credits, Load, and Grading",1
Residence Life,University Policy and Transfer Credit,1
Scholarships and Financial Aid,University Policy and Transfer Credit,1
Seven Principles of Duke Kunshan University Academic Advising,Media and Arts,7
Statement on Diversity and Inclusion,University Policy and Transfer Credit,1
Student Affairs,Media and Arts,1
Student Affairs Conceptual Framework,Politics and Global Affairs,1
Student Affairs Conceptual Framework,University Policy and Transfer Credit,1
Student Clubs and Organizations,University Policy and Transfer Credit,1
Student Conduct,Media and Arts,1
Student Conduct,University Policy and Transfer Credit,1
Student Research Opportunities,University Policy and Transfer Credit,1
Submission of Term Paper,"Credits, Load, and Grading",1
The Provision of Academic Information to Parents and Guardians,"Credits, Load, and Grading",1
Time Limit for Completing Undergraduate Degree,University Policy and Transfer Credit,1
Transfer of Work Taken Elsewhere,University Policy and Transfer Credit,9
Tuition and Fees,"Credits, Load, and Grading",1
Two-Credit Writing Courses,"Credits, Load, and Grading",1
Undergraduate Course Load,"Credits, Load, and Grading",7
Undergraduate Course Load,University Policy and Transfer Credit,1
Undergraduate Signature Work,"Credits, Load, and Grading",4
Undergraduate Signature Work,Media and Arts,2
Undergraduate Signature Work,University Policy and Transfer Credit,2
Who We Are,University Policy and Transfer Credit,5
