iso3,country,gdp_2025_billion_usd,rank
USA,United States,30767.075,1
CHN,"China, People's Republic of",19626.247,2
DEU,Germany,5048.059,3
JPN,Japan,4435.163,4
GBR,United Kingdom,4003.022,5
IND,India,3916.312,6
RUS,Russian Federation,2587.938,7
ITA,Italy,2550.111,8
CAN,Canada,2319.900,9
BRA,Brazil,2279.918,10
ESP,Spain,1903.826,11
KOR,"Korea, Republic of",1872.375,12
AUS,Australia,1839.961,13
MEX,Mexico,1832.641,14
TUR,"Türkiye, Republic of",1597.301,15
IDN,Indonesia,1445.642,16
NLD,Netherlands,1332.240,17
SAU,Saudi Arabia,1276.943,18
CHE,Switzerland,1043.544,19
POL,Poland,1035.586,20
TWN,Taiwan Province of China,920.050,21
BEL,Belgium,724.917,22
IRL,Ireland,718.140,23
ARG,Argentina,681.485,24
SWE,Sweden,668.999,25
ISR,Israel,610.778,26
SGP,Singapore,603.870,27
AUT,Austria,579.928,28
THA,Thailand,577.010,29
ARE,United Arab Emirates,571.643,30
VNM,Vietnam,494.046,31
PHL,Philippines,487.161,32
MYS,Malaysia,472.193,33
DNK,Denmark,461.718,34
BGD,Bangladesh,457.904,35
COL,Colombia,457.410,36
ROU,Romania,427.941,37
HKG,Hong Kong SAR,427.310,38
ZAF,South Africa,427.141,39
PAK,Pakistan,407.786,40
CZE,Czech Republic,389.020,41
IRN,Iran,371.196,42
EGY,Egypt,364.640,43
CHL,Chile,355.346,44
PRT,Portugal,346.412,45
PER,Peru,341.025,46
FIN,Finland,316.860,47
KAZ,Kazakhstan,302.746,48
NGA,Nigeria,290.491,49
DZA,Algeria,285.724,50
